{
    "images": [
        {
            "height": 800,
            "width": 600,
            "id": 0,
            "file_name": "498d12952fea8e6a68cc0d80f9e8b535.jpg"
        },
        {
            "height": 800,
            "width": 600,
            "id": 1,
            "file_name": "8af82c557645a332ab0706da469e3d1c.jpg"
        },
        {
            "height": 800,
            "width": 600,
            "id": 2,
            "file_name": "50a592b5555c281aa06bac0a86159cf6.jpg"
        },
        {
            "height": 800,
            "width": 600,
            "id": 3,
            "file_name": "84cc5bdc10b524e1926f36f3555bdf65.jpg"
        },
        {
            "height": 800,
            "width": 600,
            "id": 4,
            "file_name": "ac059844fba83ab1ff9cd0d91ad0e859.jpg"
        },
        {
            "height": 800,
            "width": 600,
            "id": 5,
            "file_name": "432eff8b923b92f9614ad87cabc55802.jpg"
        },
        {
            "height": 800,
            "width": 600,
            "id": 6,
            "file_name": "60d07c1a31f80419baa48f6173f2dda3.jpg"
        },
        {
            "height": 800,
            "width": 600,
            "id": 7,
            "file_name": "7e312ade9a1edee5a938731004fd8c23.jpg"
        },
        {
            "height": 800,
            "width": 600,
            "id": 8,
            "file_name": "443a82624515e04ccaf3ddf9a074ef35.jpg"
        },
        {
            "height": 800,
            "width": 600,
            "id": 9,
            "file_name": "a09a585e94c795da39e277cee5269087.jpg"
        },
        {
            "height": 800,
            "width": 600,
            "id": 10,
            "file_name": "6f5581a7cbbeaa84231f74a901be6af5.jpg"
        },
        {
            "height": 800,
            "width": 600,
            "id": 11,
            "file_name": "603218c8d8dff23003711a72f458d44b.jpg"
        },
        {
            "height": 800,
            "width": 600,
            "id": 12,
            "file_name": "7c4c6b75f510b193d3e0df8120a56a90.jpg"
        },
        {
            "height": 800,
            "width": 600,
            "id": 13,
            "file_name": "a183dc68235d3b1c0ae5af343e4e43a6.jpg"
        },
        {
            "height": 800,
            "width": 600,
            "id": 14,
            "file_name": "5a55f1bdd56bae0f90f56ffabbdfa178.jpg"
        },
        {
            "height": 800,
            "width": 600,
            "id": 15,
            "file_name": "842f17f2fb47764bd05b965e14712782.jpg"
        },
        {
            "height": 800,
            "width": 600,
            "id": 16,
            "file_name": "53338345261b4b33a72edfff68a5a22b.jpg"
        },
        {
            "height": 800,
            "width": 600,
            "id": 17,
            "file_name": "a336b1c241442ccb7c1daaa80c353656.jpg"
        },
        {
            "height": 800,
            "width": 600,
            "id": 18,
            "file_name": "3f22bf47763884e743bd1356ef00c513.jpg"
        },
        {
            "height": 801,
            "width": 600,
            "id": 19,
            "file_name": "a1bf9f4749890fa3ed5178b7904412ca.jpg"
        },
        {
            "height": 800,
            "width": 600,
            "id": 20,
            "file_name": "4ed76b16ea56a6c5b2fed83ddd0a7f8b.jpg"
        }
    ],
    "categories": [
        {
            "supercategory": "Boot",
            "id": 0,
            "name": "Boot"
        }
    ],
    "annotations": [
        {
            "segmentation": [
                [
                    135.2970297029703,
                    645.5148514851485,
                    139.25742574257424,
                    673.2376237623762,
                    140.24752475247527,
                    693.039603960396,
                    136.28712871287127,
                    718.7821782178218,
                    136.28712871287127,
                    730.6633663366337,
                    143.2178217821782,
                    734.6237623762377,
                    175.89108910891088,
                    733.6336633663366,
                    179.85148514851483,
                    730.6633663366337,
                    175.89108910891088,
                    704.9207920792079,
                    177.87128712871288,
                    674.2277227722773,
                    181.83168316831683,
                    645.5148514851485,
                    176.8811881188119,
                    647.4950495049505,
                    172.9207920792079,
                    659.3762376237623,
                    170.94059405940595,
                    650.4653465346535,
                    160.04950495049502,
                    646.5049504950495,
                    152.12871287128712,
                    647.4950495049505,
                    141.23762376237624,
                    654.4257425742575
                ]
            ],
            "iscrowd": 0,
            "area": 3368.2972257623915,
            "image_id": 0,
            "bbox": [
                135.0,
                645.0,
                46.0,
                89.0
            ],
            "category_id": 0,
            "id": 1
        },
        {
            "segmentation": [
                [
                    249.15841584158414,
                    643.5346534653465,
                    246.18811881188117,
                    644.5247524752475,
                    245.1980198019802,
                    686.1089108910891,
                    247.1782178217822,
                    696.009900990099,
                    241.23762376237624,
                    707.8910891089109,
                    231.33663366336634,
                    719.7722772277227,
                    238.26732673267327,
                    730.6633663366337,
                    263.019801980198,
                    734.6237623762377,
                    283.81188118811883,
                    717.7920792079208,
                    289.7524752475248,
                    707.8910891089109,
                    291.73267326732673,
                    710.8613861386139,
                    302.62376237623766,
                    697.990099009901,
                    290.74257425742576,
                    666.3069306930693,
                    289.7524752475248,
                    646.5049504950495,
                    282.82178217821786,
                    643.5346534653465,
                    265.990099009901,
                    637.5940594059406
                ]
            ],
            "iscrowd": 0,
            "area": 4342.221350847743,
            "image_id": 0,
            "bbox": [
                231.0,
                637.0,
                71.0,
                97.0
            ],
            "category_id": 0,
            "id": 2
        },
        {
            "segmentation": [
                [
                    329.3564356435644,
                    570.2673267326733,
                    337.2772277227723,
                    591.059405940594,
                    336.2871287128713,
                    611.8514851485148,
                    331.33663366336634,
                    624.7227722772277,
                    325.3960396039604,
                    633.6336633663366,
                    324.4059405940594,
                    644.5247524752475,
                    353.1188118811881,
                    651.4554455445544,
                    367.9702970297029,
                    648.4851485148515,
                    378.86138613861385,
                    635.6138613861386,
                    371.9306930693069,
                    573.2376237623762,
                    360.049504950495,
                    563.3366336633663,
                    354.10891089108907,
                    573.2376237623762,
                    342.2277227722773,
                    575.2178217821782
                ]
            ],
            "iscrowd": 0,
            "area": 3312.4203509460203,
            "image_id": 0,
            "bbox": [
                324.0,
                563.0,
                54.0,
                88.0
            ],
            "category_id": 0,
            "id": 3
        },
        {
            "segmentation": [
                [
                    430.34653465346537,
                    569.2772277227723,
                    431.33663366336634,
                    616.8019801980198,
                    431.33663366336634,
                    633.6336633663366,
                    442.2277227722773,
                    648.4851485148515,
                    473.9108910891089,
                    646.5049504950495,
                    482.82178217821786,
                    643.5346534653465,
                    471.9306930693069,
                    616.8019801980198,
                    471.9306930693069,
                    568.2871287128713,
                    462.0297029702971,
                    569.2772277227723,
                    456.0891089108911,
                    575.2178217821782,
                    448.1683168316831,
                    571.2574257425742
                ]
            ],
            "iscrowd": 0,
            "area": 3233.5065189688466,
            "image_id": 0,
            "bbox": [
                430.0,
                568.0,
                52.0,
                80.0
            ],
            "category_id": 0,
            "id": 4
        },
        {
            "segmentation": [
                [
                    178.86138613861385,
                    688.0891089108911,
                    171.93069306930693,
                    693.039603960396,
                    148.16831683168317,
                    686.1089108910891,
                    158.06930693069307,
                    706.9009900990098,
                    143.2178217821782,
                    722.7425742574258,
                    122.42574257425741,
                    723.7326732673267,
                    101.63366336633663,
                    713.8316831683168,
                    84.8019801980198,
                    722.7425742574258,
                    108.56435643564356,
                    749.4752475247525,
                    159.05940594059405,
                    761.3564356435644,
                    158.06930693069307,
                    770.2673267326733,
                    188.76237623762376,
                    782.1485148514852,
                    198.66336633663366,
                    767.2970297029702,
                    199.65346534653463,
                    737.5940594059406,
                    221.43564356435644,
                    712.8415841584158,
                    198.66336633663366,
                    699.9702970297029,
                    175.89108910891088,
                    713.8316831683168
                ]
            ],
            "iscrowd": 0,
            "area": 5847.956082737073,
            "image_id": 1,
            "bbox": [
                84.0,
                686.0,
                137.0,
                96.0
            ],
            "category_id": 0,
            "id": 5
        },
        {
            "segmentation": [
                [
                    460.049504950495,
                    700.960396039604,
                    448.1683168316831,
                    703.9306930693069,
                    453.1188118811881,
                    718.7821782178218,
                    461.039603960396,
                    716.8019801980198,
                    454.10891089108907,
                    738.5841584158416,
                    438.26732673267327,
                    753.4356435643564,
                    416.4851485148515,
                    755.4158415841584,
                    405.5940594059406,
                    772.2475247524752,
                    409.5544554455446,
                    775.2178217821782,
                    427.37623762376234,
                    783.1386138613861,
                    472.9207920792079,
                    781.1584158415842,
                    491.73267326732673,
                    767.2970297029702,
                    499.65346534653463,
                    772.2475247524752,
                    523.4158415841584,
                    767.2970297029702,
                    526.3861386138614,
                    754.4257425742575,
                    514.5049504950495,
                    715.8118811881188,
                    513.5148514851485,
                    686.1089108910891,
                    491.73267326732673,
                    695.019801980198,
                    484.8019801980198,
                    709.8712871287129,
                    472.9207920792079,
                    699.9702970297029
                ]
            ],
            "iscrowd": 0,
            "area": 6304.774041760713,
            "image_id": 1,
            "bbox": [
                405.0,
                686.0,
                121.0,
                97.0
            ],
            "category_id": 0,
            "id": 6
        },
        {
            "segmentation": [
                [
                    218.46534653465346,
                    646.5049504950495,
                    217.4752475247525,
                    663.3366336633663,
                    214.5049504950495,
                    674.2277227722773,
                    214.5049504950495,
                    681.1584158415842,
                    223.4158415841584,
                    686.1089108910891,
                    225.3960396039604,
                    679.1782178217821,
                    248.16831683168317,
                    690.0693069306931,
                    280.8415841584158,
                    689.0792079207921,
                    283.81188118811883,
                    680.1683168316831,
                    272.9207920792079,
                    675.2178217821782,
                    254.10891089108912,
                    652.4455445544554,
                    237.2772277227723,
                    652.4455445544554
                ]
            ],
            "iscrowd": 0,
            "area": 1894.912263503531,
            "image_id": 2,
            "bbox": [
                214.0,
                646.0,
                69.0,
                44.0
            ],
            "category_id": 0,
            "id": 7
        },
        {
            "segmentation": [
                [
                    364.009900990099,
                    638.5841584158416,
                    369.950495049505,
                    654.4257425742575,
                    369.950495049505,
                    670.2673267326733,
                    374.90099009900985,
                    682.1485148514852,
                    385.7920792079208,
                    688.0891089108911,
                    399.65346534653463,
                    679.1782178217821,
                    403.61386138613864,
                    673.2376237623762,
                    426.38613861386136,
                    675.2178217821782,
                    461.039603960396,
                    658.3861386138614,
                    454.10891089108907,
                    652.4455445544554,
                    441.2376237623762,
                    653.4356435643564,
                    435.29702970297024,
                    655.4158415841584,
                    403.61386138613864,
                    640.5643564356435,
                    387.7722772277227,
                    641.5544554455446
                ]
            ],
            "iscrowd": 0,
            "area": 2535.0455837664194,
            "image_id": 2,
            "bbox": [
                364.0,
                638.0,
                97.0,
                50.0
            ],
            "category_id": 0,
            "id": 8
        },
        {
            "segmentation": [
                [
                    246.18811881188117,
                    649.4752475247525,
                    246.18811881188117,
                    669.2772277227723,
                    252.12871287128712,
                    681.1584158415842,
                    254.10891089108912,
                    696.009900990099,
                    248.16831683168317,
                    708.8811881188119,
                    240.24752475247527,
                    734.6237623762377,
                    241.23762376237624,
                    745.5148514851485,
                    255.0990099009901,
                    755.4158415841584,
                    264.009900990099,
                    756.4059405940594,
                    284.8019801980198,
                    771.2574257425742,
                    311.53465346534654,
                    779.1782178217821,
                    370.94059405940595,
                    771.2574257425742,
                    374.90099009900985,
                    755.4158415841584,
                    365.0,
                    751.4554455445544,
                    361.039603960396,
                    741.5544554455446,
                    334.30693069306926,
                    722.7425742574258,
                    319.45544554455444,
                    693.039603960396,
                    313.5148514851485,
                    648.4851485148515,
                    304.6039603960396,
                    644.5247524752475,
                    290.74257425742576,
                    639.5742574257425,
                    272.9207920792079,
                    643.5346534653465,
                    260.049504950495,
                    652.4455445544554
                ]
            ],
            "iscrowd": 0,
            "area": 11092.539947064593,
            "image_id": 3,
            "bbox": [
                240.0,
                639.0,
                134.0,
                140.0
            ],
            "category_id": 0,
            "id": 9
        },
        {
            "segmentation": [
                [
                    356.0891089108911,
                    628.6831683168317,
                    351.13861386138615,
                    619.7722772277227,
                    339.25742574257424,
                    616.8019801980198,
                    320.4455445544554,
                    625.7128712871287,
                    312.5247524752475,
                    642.5445544554456,
                    319.45544554455444,
                    696.009900990099,
                    332.3267326732673,
                    716.8019801980198,
                    364.009900990099,
                    742.5445544554456,
                    370.94059405940595,
                    751.4554455445544,
                    387.7722772277227,
                    751.4554455445544,
                    391.73267326732673,
                    737.5940594059406,
                    386.78217821782175,
                    713.8316831683168,
                    358.0693069306931,
                    707.8910891089109,
                    340.2475247524752,
                    677.1980198019802,
                    340.2475247524752,
                    652.4455445544554
                ]
            ],
            "iscrowd": 0,
            "area": 4278.992255661404,
            "image_id": 3,
            "bbox": [
                312.0,
                616.0,
                79.0,
                135.0
            ],
            "category_id": 0,
            "id": 10
        },
        {
            "segmentation": [
                [
                    195.69306930693068,
                    619.7722772277227,
                    178.86138613861385,
                    627.6930693069307,
                    160.04950495049502,
                    639.5742574257425,
                    165.99009900990097,
                    664.3267326732673,
                    178.86138613861385,
                    681.1584158415842,
                    202.6237623762376,
                    712.8415841584158,
                    237.2772277227723,
                    730.6633663366337,
                    245.1980198019802,
                    718.7821782178218,
                    239.25742574257424,
                    696.009900990099,
                    222.4257425742574,
                    665.3168316831683,
                    228.36633663366337,
                    654.4257425742575,
                    211.53465346534654,
                    641.5544554455446
                ]
            ],
            "iscrowd": 0,
            "area": 4791.196941476315,
            "image_id": 4,
            "bbox": [
                160.0,
                619.0,
                85.0,
                111.0
            ],
            "category_id": 0,
            "id": 11
        },
        {
            "segmentation": [
                [
                    285.7920792079208,
                    702.940594059406,
                    292.7227722772277,
                    715.8118811881188,
                    289.7524752475248,
                    748.4851485148515,
                    316.4851485148515,
                    756.4059405940594,
                    367.9702970297029,
                    760.3663366336633,
                    371.9306930693069,
                    745.5148514851485,
                    365.0,
                    729.6732673267327,
                    345.1980198019802,
                    716.8019801980198,
                    337.2772277227723,
                    691.059405940594,
                    322.42574257425747,
                    697.990099009901
                ]
            ],
            "iscrowd": 0,
            "area": 3899.6176845405716,
            "image_id": 4,
            "bbox": [
                285.0,
                691.0,
                86.0,
                69.0
            ],
            "category_id": 0,
            "id": 12
        },
        {
            "segmentation": [
                [
                    200.64356435643566,
                    599.9702970297029,
                    209.55445544554453,
                    612.8415841584158,
                    203.61386138613864,
                    637.5940594059406,
                    191.73267326732673,
                    656.4059405940594,
                    178.86138613861385,
                    665.3168316831683,
                    163.019801980198,
                    670.2673267326733,
                    154.10891089108912,
                    680.1683168316831,
                    154.10891089108912,
                    692.049504950495,
                    185.79207920792078,
                    696.009900990099,
                    206.58415841584156,
                    695.019801980198,
                    240.24752475247527,
                    679.1782178217821,
                    251.13861386138615,
                    658.3861386138614,
                    261.03960396039605,
                    645.5148514851485,
                    256.08910891089107,
                    628.6831683168317,
                    253.1188118811881,
                    607.8910891089109,
                    253.1188118811881,
                    586.1089108910891,
                    231.33663366336634,
                    597.0,
                    218.46534653465346,
                    600.960396039604
                ]
            ],
            "iscrowd": 0,
            "area": 5932.751691010781,
            "image_id": 5,
            "bbox": [
                154.0,
                586.0,
                107.0,
                110.0
            ],
            "category_id": 0,
            "id": 13
        },
        {
            "segmentation": [
                [
                    269.9504950495049,
                    606.9009900990098,
                    290.74257425742576,
                    604.9207920792079,
                    319.45544554455444,
                    612.8415841584158,
                    319.45544554455444,
                    637.5940594059406,
                    318.46534653465346,
                    663.3366336633663,
                    326.38613861386136,
                    676.2079207920792,
                    327.37623762376234,
                    695.019801980198,
                    326.38613861386136,
                    700.960396039604,
                    299.65346534653463,
                    710.8613861386139,
                    280.8415841584158,
                    724.7227722772277,
                    263.019801980198,
                    724.7227722772277,
                    210.54455445544556,
                    722.7425742574258,
                    196.68316831683165,
                    716.8019801980198,
                    201.63366336633663,
                    698.980198019802,
                    221.43564356435644,
                    693.039603960396,
                    241.23762376237624,
                    680.1683168316831,
                    259.05940594059405,
                    653.4356435643564,
                    264.009900990099,
                    632.6435643564356
                ]
            ],
            "iscrowd": 0,
            "area": 8883.44279972557,
            "image_id": 5,
            "bbox": [
                196.0,
                604.0,
                131.0,
                120.0
            ],
            "category_id": 0,
            "id": 14
        },
        {
            "segmentation": [
                [
                    200.64356435643566,
                    536.6039603960396,
                    182.8217821782178,
                    556.4059405940594,
                    135.2970297029703,
                    576.2079207920792,
                    117.47524752475249,
                    573.2376237623762,
                    91.73267326732673,
                    556.4059405940594,
                    74.9009900990099,
                    561.3564356435644,
                    66.980198019802,
                    568.2871287128713,
                    92.7227722772277,
                    598.980198019802,
                    126.38613861386136,
                    619.7722772277227,
                    162.02970297029702,
                    628.6831683168317,
                    159.05940594059405,
                    637.5940594059406,
                    212.5247524752475,
                    669.2772277227723,
                    226.38613861386136,
                    645.5148514851485,
                    232.32673267326732,
                    613.8316831683168,
                    255.0990099009901,
                    566.3069306930693,
                    234.30693069306932,
                    546.5049504950495,
                    216.48514851485146,
                    540.5643564356435
                ]
            ],
            "iscrowd": 0,
            "area": 12029.212822272442,
            "image_id": 6,
            "bbox": [
                66.0,
                536.0,
                189.0,
                133.0
            ],
            "category_id": 0,
            "id": 15
        },
        {
            "segmentation": [
                [
                    270.94059405940595,
                    613.8316831683168,
                    265.0,
                    641.5544554455446,
                    251.13861386138615,
                    674.2277227722773,
                    240.24752475247527,
                    692.049504950495,
                    220.44554455445547,
                    700.960396039604,
                    194.7029702970297,
                    705.9108910891089,
                    183.81188118811883,
                    716.8019801980198,
                    184.8019801980198,
                    731.6534653465346,
                    201.63366336633663,
                    743.5346534653465,
                    259.05940594059405,
                    744.5247524752475,
                    300.6435643564356,
                    722.7425742574258,
                    304.6039603960396,
                    728.6831683168317,
                    330.34653465346537,
                    725.7128712871287,
                    349.1584158415842,
                    718.7821782178218,
                    356.0891089108911,
                    709.8712871287129,
                    349.1584158415842,
                    688.0891089108911,
                    341.2376237623762,
                    668.2871287128713,
                    327.37623762376234,
                    638.5841584158416,
                    327.37623762376234,
                    607.8910891089109,
                    298.66336633663366,
                    612.8415841584158
                ]
            ],
            "iscrowd": 0,
            "area": 12759.043231055606,
            "image_id": 6,
            "bbox": [
                183.0,
                607.0,
                173.0,
                137.0
            ],
            "category_id": 0,
            "id": 16
        },
        {
            "segmentation": [
                [
                    202.6237623762376,
                    579.1782178217821,
                    230.34653465346537,
                    607.8910891089109,
                    231.33663366336634,
                    623.7326732673267,
                    224.40594059405942,
                    649.4752475247525,
                    211.53465346534654,
                    673.2376237623762,
                    202.6237623762376,
                    687.09900990099,
                    181.83168316831683,
                    700.960396039604,
                    163.019801980198,
                    706.9009900990098,
                    165.0,
                    719.7722772277227,
                    162.02970297029702,
                    738.5841584158416,
                    180.84158415841586,
                    739.5742574257425,
                    228.36633663366337,
                    727.6930693069307,
                    269.9504950495049,
                    710.8613861386139,
                    265.0,
                    705.9108910891089,
                    287.7722772277227,
                    689.0792079207921,
                    295.69306930693074,
                    699.9702970297029,
                    313.5148514851485,
                    691.059405940594,
                    321.4356435643564,
                    643.5346534653465,
                    313.5148514851485,
                    624.7227722772277,
                    286.78217821782175,
                    588.0891089108911,
                    280.8415841584158,
                    547.4950495049505,
                    261.03960396039605,
                    563.3366336633663,
                    238.26732673267327,
                    577.1980198019802,
                    218.46534653465346,
                    562.3465346534654
                ]
            ],
            "iscrowd": 0,
            "area": 14975.492598764598,
            "image_id": 7,
            "bbox": [
                162.0,
                547.0,
                159.0,
                192.0
            ],
            "category_id": 0,
            "id": 17
        },
        {
            "segmentation": [
                [
                    433.3168316831683,
                    578.1881188118812,
                    435.29702970297024,
                    604.9207920792079,
                    430.34653465346537,
                    633.6336633663366,
                    418.46534653465346,
                    653.4356435643564,
                    404.6039603960396,
                    676.2079207920792,
                    393.7128712871287,
                    698.980198019802,
                    389.7524752475248,
                    713.8316831683168,
                    401.6336633663366,
                    732.6435643564356,
                    431.33663366336634,
                    734.6237623762377,
                    474.90099009900985,
                    708.8811881188119,
                    488.7623762376238,
                    689.0792079207921,
                    488.7623762376238,
                    655.4158415841584,
                    493.7128712871287,
                    653.4356435643564,
                    496.6831683168317,
                    658.3861386138614,
                    508.5643564356435,
                    633.6336633663366,
                    509.5544554455446,
                    597.990099009901,
                    501.6336633663366,
                    581.1584158415842,
                    504.6039603960396,
                    550.4653465346535,
                    494.70297029702965,
                    521.7524752475248,
                    481.8316831683168,
                    519.7722772277227,
                    486.78217821782175,
                    546.5049504950495,
                    476.8811881188119,
                    565.3168316831683
                ]
            ],
            "iscrowd": 0,
            "area": 13173.708459954709,
            "image_id": 7,
            "bbox": [
                389.0,
                519.0,
                120.0,
                215.0
            ],
            "category_id": 0,
            "id": 18
        },
        {
            "segmentation": [
                [
                    54.108910891089124,
                    441.55445544554453,
                    54.108910891089124,
                    480.16831683168317,
                    57.0792079207921,
                    510.86138613861385,
                    52.12871287128712,
                    527.6930693069307,
                    46.18811881188117,
                    560.3663366336633,
                    46.18811881188117,
                    592.049504950495,
                    43.21782178217819,
                    607.8910891089109,
                    63.019801980198,
                    619.7722772277227,
                    73.91089108910893,
                    619.7722772277227,
                    81.83168316831683,
                    632.6435643564356,
                    102.62376237623761,
                    649.4752475247525,
                    137.2772277227723,
                    657.3960396039604,
                    192.7227722772277,
                    661.3564356435644,
                    230.34653465346537,
                    655.4158415841584,
                    238.26732673267327,
                    646.5049504950495,
                    236.28712871287127,
                    627.6930693069307,
                    220.44554455445547,
                    601.950495049505,
                    190.74257425742576,
                    573.2376237623762,
                    167.97029702970298,
                    544.5247524752475,
                    154.10891089108912,
                    516.8019801980198,
                    142.22772277227722,
                    484.1287128712871,
                    138.26732673267327,
                    454.4257425742574,
                    103.61386138613864,
                    458.38613861386136,
                    85.79207920792078,
                    458.38613861386136
                ]
            ],
            "iscrowd": 0,
            "area": 25627.87961964507,
            "image_id": 8,
            "bbox": [
                43.0,
                441.0,
                195.0,
                220.0
            ],
            "category_id": 0,
            "id": 19
        },
        {
            "segmentation": [
                [
                    307.57425742574253,
                    448.48514851485146,
                    309.5544554455446,
                    482.1485148514851,
                    301.6336633663366,
                    504.9207920792079,
                    295.69306930693074,
                    533.6336633663366,
                    297.6732673267327,
                    554.4257425742575,
                    295.69306930693074,
                    562.3465346534654,
                    295.69306930693074,
                    572.2475247524752,
                    292.7227722772277,
                    594.0297029702971,
                    321.4356435643564,
                    611.8514851485148,
                    369.950495049505,
                    612.8415841584158,
                    369.950495049505,
                    602.940594059406,
                    416.4851485148515,
                    619.7722772277227,
                    469.950495049505,
                    636.6039603960396,
                    538.2673267326733,
                    636.6039603960396,
                    568.960396039604,
                    629.6732673267327,
                    583.8118811881188,
                    620.7623762376238,
                    582.8217821782179,
                    601.950495049505,
                    573.9108910891089,
                    590.0693069306931,
                    565.0,
                    579.1782178217821,
                    537.2772277227723,
                    573.2376237623762,
                    507.57425742574253,
                    565.3168316831683,
                    486.78217821782175,
                    553.4356435643564,
                    464.009900990099,
                    530.6633663366337,
                    436.2871287128713,
                    504.9207920792079,
                    420.4455445544554,
                    479.1782178217822,
                    416.4851485148515,
                    471.25742574257424,
                    402.62376237623766,
                    465.3168316831683,
                    389.7524752475248,
                    460.36633663366337,
                    389.7524752475248,
                    449.4752475247525,
                    379.8514851485148,
                    440.56435643564356,
                    347.17821782178214,
                    439.5742574257426,
                    344.2079207920792,
                    449.4752475247525,
                    336.2871287128713,
                    452.44554455445547,
                    318.46534653465346,
                    449.4752475247525
                ]
            ],
            "iscrowd": 0,
            "area": 32364.474071169738,
            "image_id": 8,
            "bbox": [
                292.0,
                439.0,
                291.0,
                197.0
            ],
            "category_id": 0,
            "id": 20
        },
        {
            "segmentation": [
                [
                    247.1782178217822,
                    668.2871287128713,
                    247.1782178217822,
                    714.8217821782179,
                    246.18811881188117,
                    746.5049504950495,
                    261.03960396039605,
                    761.3564356435644,
                    275.8910891089109,
                    764.3267326732673,
                    288.7623762376238,
                    746.5049504950495,
                    285.7920792079208,
                    698.980198019802,
                    287.7722772277227,
                    662.3465346534654,
                    272.9207920792079,
                    653.4356435643564,
                    258.0693069306931,
                    665.3168316831683
                ]
            ],
            "iscrowd": 0,
            "area": 3901.5782766395714,
            "image_id": 9,
            "bbox": [
                246.0,
                653.0,
                42.0,
                111.0
            ],
            "category_id": 0,
            "id": 21
        },
        {
            "segmentation": [
                [
                    317.4752475247525,
                    664.3267326732673,
                    314.50495049504946,
                    681.1584158415842,
                    313.5148514851485,
                    692.049504950495,
                    331.33663366336634,
                    707.8910891089109,
                    349.1584158415842,
                    731.6534653465346,
                    369.950495049505,
                    745.5148514851485,
                    386.78217821782175,
                    744.5247524752475,
                    389.7524752475248,
                    735.6138613861386,
                    385.7920792079208,
                    718.7821782178218,
                    376.8811881188119,
                    705.9108910891089,
                    358.0693069306931,
                    672.2475247524752,
                    352.1287128712871,
                    653.4356435643564,
                    343.21782178217825,
                    654.4257425742575
                ]
            ],
            "iscrowd": 0,
            "area": 3789.824527007062,
            "image_id": 9,
            "bbox": [
                313.0,
                653.0,
                76.0,
                92.0
            ],
            "category_id": 0,
            "id": 22
        },
        {
            "segmentation": [
                [
                    180.84158415841586,
                    600.960396039604,
                    179.85148514851483,
                    631.6534653465346,
                    179.85148514851483,
                    656.4059405940594,
                    171.93069306930693,
                    691.059405940594,
                    191.73267326732673,
                    711.8514851485148,
                    198.66336633663366,
                    705.9108910891089,
                    208.56435643564356,
                    718.7821782178218,
                    218.46534653465346,
                    733.6336633663366,
                    275.8910891089109,
                    753.4356435643564,
                    304.6039603960396,
                    758.3861386138614,
                    329.3564356435644,
                    751.4554455445544,
                    322.42574257425747,
                    732.6435643564356,
                    317.4752475247525,
                    719.7722772277227,
                    290.74257425742576,
                    701.950495049505,
                    271.9306930693069,
                    679.1782178217821,
                    242.22772277227722,
                    634.6237623762377,
                    238.26732673267327,
                    593.039603960396,
                    228.36633663366337,
                    584.1287128712871,
                    230.34653465346537,
                    598.980198019802,
                    205.59405940594058,
                    604.9207920792079
                ]
            ],
            "iscrowd": 0,
            "area": 13033.035976864863,
            "image_id": 10,
            "bbox": [
                171.0,
                584.0,
                158.0,
                174.0
            ],
            "category_id": 0,
            "id": 23
        },
        {
            "segmentation": [
                [
                    282.82178217821786,
                    430.66336633663366,
                    270.94059405940595,
                    446.5049504950495,
                    251.13861386138615,
                    463.33663366336634,
                    238.26732673267327,
                    479.1782178217822,
                    229.35643564356434,
                    493.03960396039605,
                    230.34653465346537,
                    503.9306930693069,
                    268.96039603960395,
                    529.6732673267327,
                    276.88118811881185,
                    526.7029702970297,
                    301.6336633663366,
                    543.5346534653465,
                    315.49504950495054,
                    561.3564356435644,
                    339.25742574257424,
                    575.2178217821782,
                    375.89108910891093,
                    595.019801980198,
                    399.65346534653463,
                    590.0693069306931,
                    400.6435643564356,
                    569.2772277227723,
                    363.01980198019805,
                    547.4950495049505,
                    347.17821782178214,
                    516.8019801980198,
                    342.2277227722773,
                    473.23762376237624,
                    357.0792079207921,
                    446.5049504950495,
                    345.1980198019802,
                    433.63366336633663,
                    325.3960396039604,
                    418.78217821782175,
                    314.50495049504946,
                    429.6732673267327
                ]
            ],
            "iscrowd": 0,
            "area": 13535.43770218594,
            "image_id": 10,
            "bbox": [
                229.0,
                418.0,
                171.0,
                177.0
            ],
            "category_id": 0,
            "id": 24
        },
        {
            "segmentation": [
                [
                    142.22772277227722,
                    490.0693069306931,
                    137.2772277227723,
                    544.5247524752475,
                    122.42574257425741,
                    595.019801980198,
                    112.52475247524751,
                    632.6435643564356,
                    85.79207920792078,
                    656.4059405940594,
                    59.05940594059405,
                    660.3663366336633,
                    46.18811881188117,
                    675.2178217821782,
                    45.198019801980195,
                    680.1683168316831,
                    53.118811881188094,
                    690.0693069306931,
                    96.68316831683165,
                    698.980198019802,
                    131.33663366336634,
                    700.960396039604,
                    162.02970297029702,
                    698.980198019802,
                    159.05940594059405,
                    683.1386138613861,
                    158.06930693069307,
                    650.4653465346535,
                    154.10891089108912,
                    644.5247524752475,
                    173.91089108910893,
                    623.7326732673267,
                    189.75247524752473,
                    584.1287128712871,
                    205.59405940594058,
                    537.5940594059406,
                    208.56435643564356,
                    510.86138613861385,
                    194.7029702970297,
                    503.9306930693069,
                    165.0,
                    497.0
                ]
            ],
            "iscrowd": 0,
            "area": 14378.49230467598,
            "image_id": 11,
            "bbox": [
                45.0,
                490.0,
                163.0,
                210.0
            ],
            "category_id": 0,
            "id": 25
        },
        {
            "segmentation": [
                [
                    262.029702970297,
                    484.1287128712871,
                    308.5643564356435,
                    544.5247524752475,
                    318.46534653465346,
                    566.3069306930693,
                    318.46534653465346,
                    590.0693069306931,
                    308.5643564356435,
                    610.8613861386139,
                    282.82178217821786,
                    621.7524752475248,
                    283.81188118811883,
                    636.6039603960396,
                    284.8019801980198,
                    643.5346534653465,
                    300.6435643564356,
                    648.4851485148515,
                    326.38613861386136,
                    646.5049504950495,
                    347.17821782178214,
                    636.6039603960396,
                    360.049504950495,
                    621.7524752475248,
                    364.009900990099,
                    622.7425742574258,
                    386.78217821782175,
                    606.9009900990098,
                    378.86138613861385,
                    592.049504950495,
                    374.90099009900985,
                    574.2277227722773,
                    361.039603960396,
                    559.3762376237623,
                    358.0693069306931,
                    520.7623762376238,
                    335.29702970297035,
                    483.13861386138615,
                    320.4455445544554,
                    450.46534653465346,
                    307.57425742574253,
                    447.4950495049505,
                    319.45544554455444,
                    461.35643564356434,
                    300.6435643564356,
                    481.15841584158414
                ]
            ],
            "iscrowd": 0,
            "area": 10920.49799039308,
            "image_id": 11,
            "bbox": [
                262.0,
                447.0,
                124.0,
                201.0
            ],
            "category_id": 0,
            "id": 26
        },
        {
            "segmentation": [
                [
                    222.4257425742574,
                    678.1881188118812,
                    231.33663366336634,
                    696.009900990099,
                    237.2772277227723,
                    716.8019801980198,
                    241.23762376237624,
                    740.5643564356435,
                    234.30693069306932,
                    760.3663366336633,
                    234.30693069306932,
                    780.1683168316831,
                    239.25742574257424,
                    790.0693069306931,
                    257.0792079207921,
                    783.1386138613861,
                    278.86138613861385,
                    761.3564356435644,
                    291.73267326732673,
                    744.5247524752475,
                    300.6435643564356,
                    720.7623762376238,
                    300.6435643564356,
                    721.7524752475248,
                    323.41584158415844,
                    702.940594059406,
                    314.50495049504946,
                    695.019801980198,
                    294.70297029702965,
                    681.1584158415842,
                    273.91089108910893,
                    668.2871287128713,
                    248.16831683168317,
                    673.2376237623762
                ]
            ],
            "iscrowd": 0,
            "area": 6627.291442015674,
            "image_id": 12,
            "bbox": [
                222.0,
                668.0,
                101.0,
                122.0
            ],
            "category_id": 0,
            "id": 27
        },
        {
            "segmentation": [
                [
                    333.3168316831683,
                    650.4653465346535,
                    323.41584158415844,
                    693.039603960396,
                    322.42574257425747,
                    721.7524752475248,
                    317.4752475247525,
                    745.5148514851485,
                    315.49504950495054,
                    761.3564356435644,
                    322.42574257425747,
                    781.1584158415842,
                    339.25742574257424,
                    785.1188118811881,
                    366.98019801980195,
                    771.2574257425742,
                    373.9108910891089,
                    760.3663366336633,
                    375.89108910891093,
                    712.8415841584158,
                    379.8514851485148,
                    698.980198019802,
                    374.90099009900985,
                    683.1386138613861,
                    365.990099009901,
                    659.3762376237623,
                    351.13861386138615,
                    659.3762376237623
                ]
            ],
            "iscrowd": 0,
            "area": 6319.968630526448,
            "image_id": 12,
            "bbox": [
                315.0,
                650.0,
                64.0,
                135.0
            ],
            "category_id": 0,
            "id": 28
        },
        {
            "segmentation": [
                [
                    271.9306930693069,
                    677.1980198019802,
                    271.9306930693069,
                    698.980198019802,
                    265.990099009901,
                    714.8217821782179,
                    264.009900990099,
                    728.6831683168317,
                    282.82178217821786,
                    734.6237623762377,
                    295.69306930693074,
                    734.6237623762377,
                    307.57425742574253,
                    721.7524752475248,
                    303.61386138613864,
                    675.2178217821782,
                    288.7623762376238,
                    677.1980198019802
                ]
            ],
            "iscrowd": 0,
            "area": 2035.0945985688595,
            "image_id": 13,
            "bbox": [
                264.0,
                675.0,
                43.0,
                59.0
            ],
            "category_id": 0,
            "id": 29
        },
        {
            "segmentation": [
                [
                    365.0,
                    683.1386138613861,
                    362.0297029702971,
                    709.8712871287129,
                    360.049504950495,
                    733.6336633663366,
                    365.0,
                    738.5841584158416,
                    378.86138613861385,
                    751.4554455445544,
                    396.6831683168317,
                    751.4554455445544,
                    412.5247524752475,
                    752.4455445544554,
                    413.5148514851485,
                    739.5742574257425,
                    398.66336633663366,
                    722.7425742574258,
                    386.78217821782175,
                    683.1386138613861
                ]
            ],
            "iscrowd": 0,
            "area": 2425.252426232677,
            "image_id": 13,
            "bbox": [
                360.0,
                683.0,
                53.0,
                69.0
            ],
            "category_id": 0,
            "id": 30
        },
        {
            "segmentation": [
                [
                    266.980198019802,
                    616.8019801980198,
                    263.019801980198,
                    641.5544554455446,
                    260.049504950495,
                    671.2574257425742,
                    263.019801980198,
                    688.0891089108911,
                    270.94059405940595,
                    696.009900990099,
                    288.7623762376238,
                    685.1188118811881,
                    298.66336633663366,
                    660.3663366336633,
                    293.7128712871287,
                    639.5742574257425,
                    303.61386138613864,
                    613.8316831683168,
                    306.58415841584156,
                    601.950495049505,
                    297.6732673267327,
                    594.0297029702971,
                    291.73267326732673,
                    589.0792079207921,
                    288.7623762376238,
                    605.9108910891089
                ]
            ],
            "iscrowd": 0,
            "area": 2885.501421429217,
            "image_id": 14,
            "bbox": [
                260.0,
                589.0,
                46.0,
                107.0
            ],
            "category_id": 0,
            "id": 31
        },
        {
            "segmentation": [
                [
                    311.53465346534654,
                    678.1881188118812,
                    299.65346534653463,
                    684.1287128712871,
                    298.66336633663366,
                    708.8811881188119,
                    296.6831683168317,
                    730.6633663366337,
                    287.7722772277227,
                    748.4851485148515,
                    296.6831683168317,
                    765.3168316831683,
                    321.4356435643564,
                    764.3267326732673,
                    336.2871287128713,
                    751.4554455445544,
                    331.33663366336634,
                    718.7821782178218,
                    331.33663366336634,
                    706.9009900990098,
                    332.3267326732673,
                    680.1683168316831
                ]
            ],
            "iscrowd": 0,
            "area": 3059.5039701990318,
            "image_id": 14,
            "bbox": [
                287.0,
                678.0,
                49.0,
                87.0
            ],
            "category_id": 0,
            "id": 32
        },
        {
            "segmentation": [
                [
                    211.53465346534654,
                    246.5049504950495,
                    217.4752475247525,
                    286.1089108910891,
                    220.44554455445547,
                    310.86138613861385,
                    218.46534653465346,
                    333.63366336633663,
                    205.59405940594058,
                    366.3069306930693,
                    192.7227722772277,
                    390.0693069306931,
                    183.81188118811883,
                    406.9009900990099,
                    135.2970297029703,
                    412.84158415841586,
                    122.42574257425741,
                    419.7722772277228,
                    122.42574257425741,
                    430.66336633663366,
                    116.48514851485146,
                    449.4752475247525,
                    132.32673267326732,
                    465.3168316831683,
                    156.08910891089107,
                    465.3168316831683,
                    161.03960396039605,
                    453.43564356435644,
                    169.95049504950492,
                    448.48514851485146,
                    175.89108910891088,
                    424.7227722772277,
                    252.12871287128712,
                    419.7722772277228,
                    313.5148514851485,
                    378.18811881188117,
                    323.41584158415844,
                    320.76237623762376,
                    342.2277227722773,
                    310.86138613861385,
                    321.4356435643564,
                    245.5148514851485,
                    314.50495049504946,
                    243.53465346534654,
                    281.8316831683168,
                    254.4257425742574,
                    243.2178217821782,
                    255.4158415841584,
                    229.35643564356434,
                    241.55445544554456
                ]
            ],
            "iscrowd": 0,
            "area": 21072.443878051243,
            "image_id": 15,
            "bbox": [
                116.0,
                241.0,
                226.0,
                224.0
            ],
            "category_id": 0,
            "id": 33
        },
        {
            "segmentation": [
                [
                    347.17821782178214,
                    238.58415841584159,
                    329.3564356435644,
                    235.6138613861386,
                    339.25742574257424,
                    288.08910891089107,
                    341.2376237623762,
                    307.8910891089109,
                    322.42574257425747,
                    353.43564356435644,
                    298.66336633663366,
                    389.0792079207921,
                    260.049504950495,
                    418.78217821782175,
                    173.91089108910893,
                    422.74257425742576,
                    169.95049504950492,
                    447.4950495049505,
                    162.02970297029702,
                    450.46534653465346,
                    158.06930693069307,
                    466.3069306930693,
                    196.68316831683165,
                    491.05940594059405,
                    240.24752475247527,
                    497.0,
                    310.54455445544556,
                    502.94059405940595,
                    367.9702970297029,
                    501.9504950495049,
                    414.50495049504946,
                    487.0990099009901,
                    410.54455445544556,
                    499.970297029703,
                    509.5544554455446,
                    500.96039603960395,
                    523.4158415841584,
                    495.019801980198,
                    518.4653465346535,
                    465.3168316831683,
                    510.54455445544556,
                    462.34653465346537,
                    513.5148514851485,
                    425.71287128712873,
                    507.57425742574253,
                    394.029702970297,
                    489.7524752475248,
                    351.45544554455444,
                    490.74257425742576,
                    314.8217821782178,
                    486.78217821782175,
                    271.25742574257424,
                    449.1584158415842,
                    272.2475247524753,
                    405.5940594059406,
                    261.35643564356434,
                    376.8811881188119,
                    262.34653465346537,
                    371.9306930693069,
                    311.8514851485148,
                    365.990099009901,
                    311.8514851485148,
                    343.21782178217825,
                    265.3168316831683
                ]
            ],
            "iscrowd": 0,
            "area": 53641.79982354632,
            "image_id": 15,
            "bbox": [
                158.0,
                235.0,
                365.0,
                267.0
            ],
            "category_id": 0,
            "id": 34
        },
        {
            "segmentation": [
                [
                    249.15841584158414,
                    687.09900990099,
                    247.1782178217822,
                    701.950495049505,
                    241.23762376237624,
                    719.7722772277227,
                    242.22772277227722,
                    736.6039603960396,
                    220.44554455445547,
                    745.5148514851485,
                    218.46534653465346,
                    755.4158415841584,
                    214.5049504950495,
                    762.3465346534654,
                    224.40594059405942,
                    769.2772277227723,
                    246.18811881188117,
                    774.2277227722773,
                    272.9207920792079,
                    768.2871287128713,
                    282.82178217821786,
                    758.3861386138614,
                    285.7920792079208,
                    764.3267326732673,
                    307.57425742574253,
                    760.3663366336633,
                    309.5544554455446,
                    744.5247524752475,
                    303.61386138613864,
                    724.7227722772277,
                    301.6336633663366,
                    683.1386138613861,
                    288.7623762376238,
                    687.09900990099,
                    283.81188118811883,
                    703.9306930693069,
                    274.9009900990099,
                    699.9702970297029,
                    256.08910891089107,
                    697.990099009901
                ]
            ],
            "iscrowd": 0,
            "area": 5191.157729634084,
            "image_id": 16,
            "bbox": [
                214.0,
                683.0,
                95.0,
                91.0
            ],
            "category_id": 0,
            "id": 35
        },
        {
            "segmentation": [
                [
                    368.960396039604,
                    686.1089108910891,
                    361.039603960396,
                    690.0693069306931,
                    366.98019801980195,
                    716.8019801980198,
                    362.0297029702971,
                    754.4257425742575,
                    363.01980198019805,
                    773.2376237623762,
                    385.7920792079208,
                    779.1782178217821,
                    402.62376237623766,
                    774.2277227722773,
                    402.62376237623766,
                    761.3564356435644,
                    421.4356435643564,
                    764.3267326732673,
                    435.29702970297024,
                    758.3861386138614,
                    438.26732673267327,
                    749.4752475247525,
                    435.29702970297024,
                    731.6534653465346,
                    430.34653465346537,
                    725.7128712871287,
                    417.4752475247525,
                    722.7425742574258,
                    421.4356435643564,
                    692.049504950495,
                    416.4851485148515,
                    692.049504950495,
                    411.53465346534654,
                    707.8910891089109,
                    412.5247524752475,
                    682.1485148514852,
                    394.70297029702965,
                    675.2178217821782,
                    379.8514851485148,
                    681.1584158415842,
                    379.8514851485148,
                    702.940594059406
                ]
            ],
            "iscrowd": 0,
            "area": 5473.973139888141,
            "image_id": 16,
            "bbox": [
                361.0,
                675.0,
                77.0,
                104.0
            ],
            "category_id": 0,
            "id": 36
        },
        {
            "segmentation": [
                [
                    255.0990099009901,
                    721.7524752475248,
                    255.0990099009901,
                    731.6534653465346,
                    250.14851485148512,
                    742.5445544554456,
                    251.13861386138615,
                    755.4158415841584,
                    264.009900990099,
                    759.3762376237623,
                    265.990099009901,
                    757.3960396039604,
                    278.86138613861385,
                    764.3267326732673,
                    317.4752475247525,
                    772.2475247524752,
                    349.1584158415842,
                    769.2772277227723,
                    346.18811881188117,
                    762.3465346534654,
                    337.2772277227723,
                    749.4752475247525,
                    316.4851485148515,
                    739.5742574257425,
                    295.69306930693074,
                    713.8316831683168,
                    282.82178217821786,
                    722.7425742574258,
                    269.9504950495049,
                    724.7227722772277
                ]
            ],
            "iscrowd": 0,
            "area": 3320.7528673661873,
            "image_id": 17,
            "bbox": [
                250.0,
                713.0,
                99.0,
                59.0
            ],
            "category_id": 0,
            "id": 37
        },
        {
            "segmentation": [
                [
                    305.5940594059406,
                    689.0792079207921,
                    295.69306930693074,
                    694.0297029702971,
                    294.70297029702965,
                    705.9108910891089,
                    308.5643564356435,
                    728.6831683168317,
                    320.4455445544554,
                    731.6534653465346,
                    345.1980198019802,
                    750.4653465346535,
                    363.01980198019805,
                    761.3564356435644,
                    397.6732673267327,
                    765.3168316831683,
                    401.6336633663366,
                    756.4059405940594,
                    394.70297029702965,
                    747.4950495049505,
                    369.950495049505,
                    732.6435643564356,
                    355.09900990099004,
                    702.940594059406,
                    338.26732673267327,
                    703.9306930693069,
                    321.4356435643564,
                    700.960396039604
                ]
            ],
            "iscrowd": 0,
            "area": 3494.265268110903,
            "image_id": 17,
            "bbox": [
                294.0,
                689.0,
                107.0,
                76.0
            ],
            "category_id": 0,
            "id": 38
        },
        {
            "segmentation": [
                [
                    181.83168316831683,
                    500.96039603960395,
                    181.83168316831683,
                    509.8712871287129,
                    162.02970297029702,
                    526.7029702970297,
                    152.12871287128712,
                    535.6138613861386,
                    116.48514851485146,
                    535.6138613861386,
                    107.57425742574259,
                    540.5643564356435,
                    95.69306930693068,
                    546.5049504950495,
                    92.7227722772277,
                    557.3960396039604,
                    91.73267326732673,
                    566.3069306930693,
                    110.54455445544556,
                    582.1485148514852,
                    147.1782178217822,
                    583.1386138613861,
                    191.73267326732673,
                    582.1485148514852,
                    233.3168316831683,
                    589.0792079207921,
                    259.05940594059405,
                    586.1089108910891,
                    265.990099009901,
                    582.1485148514852,
                    258.0693069306931,
                    571.2574257425742,
                    265.0,
                    543.5346534653465,
                    250.14851485148512,
                    528.6831683168317,
                    251.13861386138615,
                    499.970297029703
                ]
            ],
            "iscrowd": 0,
            "area": 10727.86981668463,
            "image_id": 18,
            "bbox": [
                91.0,
                499.0,
                174.0,
                90.0
            ],
            "category_id": 0,
            "id": 39
        },
        {
            "segmentation": [
                [
                    398.66336633663366,
                    575.2178217821782,
                    404.6039603960396,
                    595.019801980198,
                    411.53465346534654,
                    620.7623762376238,
                    406.58415841584156,
                    660.3663366336633,
                    392.7227722772277,
                    672.2475247524752,
                    381.8316831683168,
                    681.1584158415842,
                    371.9306930693069,
                    682.1485148514852,
                    365.0,
                    686.1089108910891,
                    360.049504950495,
                    697.990099009901,
                    359.05940594059405,
                    716.8019801980198,
                    374.90099009900985,
                    718.7821782178218,
                    411.53465346534654,
                    708.8811881188119,
                    451.13861386138615,
                    682.1485148514852,
                    520.4455445544554,
                    628.6831683168317,
                    507.57425742574253,
                    611.8514851485148,
                    475.89108910891093,
                    577.1980198019802,
                    474.90099009900985,
                    561.3564356435644,
                    458.0693069306931,
                    534.6237623762377,
                    430.34653465346537,
                    558.3861386138614
                ]
            ],
            "iscrowd": 0,
            "area": 13070.2872267426,
            "image_id": 18,
            "bbox": [
                359.0,
                534.0,
                161.0,
                184.0
            ],
            "category_id": 0,
            "id": 40
        },
        {
            "segmentation": [
                [
                    105.59405940594058,
                    610.8712871287129,
                    86.78217821782175,
                    633.6435643564356,
                    51.13861386138615,
                    650.4752475247525,
                    15.495049504950487,
                    644.5346534653465,
                    6.584158415841586,
                    648.4950495049505,
                    3.613861386138609,
                    667.3069306930693,
                    5.594059405940584,
                    681.1683168316831,
                    69.95049504950492,
                    699.980198019802,
                    89.75247524752473,
                    698.0,
                    135.2970297029703,
                    675.2277227722773,
                    130.34653465346537,
                    692.059405940594,
                    164.00990099009903,
                    696.019801980198,
                    187.77227722772278,
                    696.019801980198,
                    191.73267326732673,
                    636.6138613861386,
                    152.12871287128712,
                    637.6039603960396
                ]
            ],
            "iscrowd": 0,
            "area": 10381.825311243942,
            "image_id": 19,
            "bbox": [
                3.0,
                610.0,
                188.0,
                89.0
            ],
            "category_id": 0,
            "id": 41
        },
        {
            "segmentation": [
                [
                    296.6831683168317,
                    673.2475247524752,
                    269.9504950495049,
                    700.9702970297029,
                    231.33663366336634,
                    718.7920792079208,
                    206.58415841584156,
                    723.7425742574258,
                    200.64356435643566,
                    741.5643564356435,
                    189.75247524752473,
                    739.5841584158416,
                    196.68316831683165,
                    756.4158415841584,
                    227.3762376237624,
                    766.3168316831683,
                    277.8712871287129,
                    772.2574257425742,
                    304.6039603960396,
                    772.2574257425742,
                    339.25742574257424,
                    745.5247524752475,
                    345.1980198019802,
                    753.4455445544554,
                    373.9108910891089,
                    751.4653465346535,
                    386.78217821782175,
                    740.5742574257425,
                    389.7524752475248,
                    686.1188118811881,
                    352.1287128712871,
                    694.039603960396,
                    322.42574257425747,
                    691.0693069306931
                ]
            ],
            "iscrowd": 0,
            "area": 11973.826095480705,
            "image_id": 19,
            "bbox": [
                189.0,
                673.0,
                200.0,
                99.0
            ],
            "category_id": 0,
            "id": 42
        },
        {
            "segmentation": [
                [
                    242.22772277227722,
                    566.3069306930693,
                    244.20792079207922,
                    584.1287128712871,
                    257.0792079207921,
                    629.6732673267327,
                    272.9207920792079,
                    670.2673267326733,
                    271.9306930693069,
                    681.1584158415842,
                    266.980198019802,
                    697.990099009901,
                    260.049504950495,
                    707.8910891089109,
                    259.05940594059405,
                    718.7821782178218,
                    270.94059405940595,
                    722.7425742574258,
                    289.7524752475248,
                    725.7128712871287,
                    301.6336633663366,
                    716.8019801980198,
                    301.6336633663366,
                    677.1980198019802,
                    293.7128712871287,
                    636.6039603960396,
                    287.7722772277227,
                    610.8613861386139,
                    281.8316831683168,
                    562.3465346534654,
                    270.94059405940595,
                    566.3069306930693,
                    254.10891089108912,
                    569.2772277227723
                ]
            ],
            "iscrowd": 0,
            "area": 5500.931281246943,
            "image_id": 20,
            "bbox": [
                242.0,
                562.0,
                59.0,
                163.0
            ],
            "category_id": 0,
            "id": 43
        },
        {
            "segmentation": [
                [
                    295.69306930693074,
                    564.3267326732673,
                    304.6039603960396,
                    575.2178217821782,
                    315.49504950495054,
                    576.2079207920792,
                    331.33663366336634,
                    567.2970297029703,
                    319.45544554455444,
                    596.009900990099,
                    319.45544554455444,
                    608.8811881188119,
                    317.4752475247525,
                    632.6435643564356,
                    323.41584158415844,
                    638.5841584158416,
                    320.4455445544554,
                    657.3960396039604,
                    306.58415841584156,
                    678.1881188118812,
                    301.6336633663366,
                    678.1881188118812,
                    290.74257425742576,
                    620.7623762376238,
                    292.7227722772277,
                    602.940594059406
                ]
            ],
            "iscrowd": 0,
            "area": 2626.213116361294,
            "image_id": 20,
            "bbox": [
                290.0,
                564.0,
                41.0,
                114.0
            ],
            "category_id": 0,
            "id": 44
        }
    ]
}